term,acronym,definition,reference,alternative_definition,reference_alternative_definition,status,comment,glossary_reporting,glossary_observers,glossary_TRUEs,glossary_compliance,glossary_science,glossary_mse,glossary_EM
Automatic Identification System,AIS,,,,,To define,,,,,,,,
Anchored fish aggregating device,AFAD,A device tethered to the bottom of the ocean usually consisting of a buoy-and anchored to the bottom of the ocean,IOTC Resolution 23/01,Device that is anchored or otherwise attached to the seabed and is used for attracting and concentrating fish for the purpose of capture by a fishing gear, FAO terminology portal,to validate,do we want to keep both definitions? Or just have one? ,TRUE,TRUE,TRUE,TRUE,TRUE,TRUE,
Ancillary logs,,"Data records from the EM system that are supplemental to the EM Records such as a record of changes in system configurations and settings and a summary of system health checks performed,Ancillary logs",EM standards workshop (Murua et al. 2025) - Workshop standards - WCPFC,,,,,TRUE,TRUE,TRUE,TRUE,TRUE,TRUE,TRUE
Aquascope,,,,,,To define,,TRUE,TRUE,TRUE,TRUE,TRUE,TRUE,
Areas beyond national jurisdiction,ABNJ,commonly called the high seas- are those areas of ocean for which no one nation has sole responsibility for management, FAO Terminology portal,,,,"also looked at UN definitions, but this one was the best option",TRUE,TRUE,TRUE,TRUE,TRUE,TRUE,
Artificial Intelligence,AI,"A machine-based system that can - for a given set of human- defined objectives -  make predictions - recommendations or decisions influencing real or virtual environments. Artificial intelligence systems use machine and human-based inputs to (A) perceive real and virtual environments; (B) abstract such perceptions into models through analysis in an automated matter; and (C) use model inference to formulate options for information or action,",Marua 2025 EM workshop- WPCFC,,,To validate,"this is an EM term, but the definition is not necessarily specific to EM",TRUE,TRUE,TRUE,TRUE,TRUE,TRUE,TRUE
Artisanal fishery,,"Traditional fishery that involves fishing households (as opposed to commercial companies) - using relatively small amounts of capital and energy - relatively small fishing vessels (if any) - making short fishing trips close to shore - mainly for local consumption. In practice - definition varies between countries - e.g. from gleaning or a one-man canoe in poor developing countries - to more than 20 m trawlers - seiners or longliners in developed ones. Artisanal fisheries can be subsistence or commercial fisheries, providing for local consumption or export. They are sometimes referred to as small-scale fisheries",https://www.fao.org/documents/card/en/c/ae76ef51-be20-5e71-aec5-b469e5e0a673)\ ,"Fishery composed of fishing vessels of less than 24 m length overall that exclusively operate in the exclusive economic zone of their flag state, i.e.",tbd,to validate,pick one def? Or keep both,TRUE,TRUE,TRUE,TRUE,TRUE,TRUE,
Artisanal fishing vessel,,"Fishing vessel less than 24 m in length overall operating inside the exclusive economic zone of a flag State and catching tuna or tuna-like species in the IOTC area of competence. Synonym to coastal fishing vessel,Artisanal fishing vessel",Guidelines for the reporting of fishery statistics to the IOTC,,,,,TRUE,TRUE,TRUE,TRUE,TRUE,TRUE,
Associated school,,"the fish school is associated with a topographic structure (e.g., seamount), an anchored or a drifting floating object, including man-made rafts such as fish aggregating devices and live animals in motion (e.g., whale sharks",Guidelines for the reporting of fishery statistics to the IOTC,,,,,TRUE,TRUE,TRUE,TRUE,TRUE,TRUE,
Astronomical Twilight,,at dawn starts when the sun is 18 degrees below the horizon,IOTC observer manual,,,,"unnecessary definition? From the observer manual, but we will be removing this type of info",TRUE,TRUE,TRUE,TRUE,TRUE,TRUE,
At-surface setting,,the gear is deployed at the surface of the water,data catalogue gear code lists,,,,,TRUE,TRUE,TRUE,TRUE,TRUE,TRUE,
Authorised vessel,,"Any vessel that is: a) 24 meters in length overall or above; or b) in the case of vessels less than 24 meters in length overall, those operating outside areas under the national jurisdiction of the flag State, and is authorised by the flag State to fish for tuna and tuna-like species or to carry out fishing related activities in the IOTC Area of Competence",,,,,,TRUE,TRUE,TRUE,TRUE,TRUE,TRUE,
Auto pilot,,The auto pilot is used to steer the vessel on a specified course. The auto pilot electronically reads the compass or direction from a GPS and controls the steering mechanism that controls the rudder,Observer Manual 2010,,,,,TRUE,TRUE,TRUE,TRUE,TRUE,TRUE,
Bait casting,,One of the four basic methods of angling requiring heavy lure which is cast into water. The lure drawn by line imiates a living bait alluring especially predatory fishes,FAO terminology portal,,,,,TRUE,TRUE,TRUE,TRUE,TRUE,TRUE,
Beach seine,,"A seine type net, often with the netting hung loosely to cause bagging, it is operated from the shore or a river bank",FAO terminology portal,,,,,TRUE,TRUE,TRUE,TRUE,TRUE,TRUE,
Buoy in stock,,An instrumented buoy acquired by the owner which has not been made operational. Buoy in stock,IOTC Observer Manual,,,,,TRUE,TRUE,TRUE,TRUE,TRUE,TRUE,
Buoy owner,,"Any legal or natural person, entity or branch, who is paying for the communication service for the buoy associated with a FAD, and/or who is authorized to receive information from the satellite buoy",IOTC Observer Manual,,,,,TRUE,TRUE,TRUE,TRUE,TRUE,TRUE,
Bycatch,,"All species, other than the 16 species listed in Annex B of the IOTC Agreement, caught or interacted with by fisheries for tuna and tuna-like species in the IOTC area of competence. A bycatch species includes those non-IOTC species which are (a) retained (byproduct), (b) incidentally taken in a fishery and returned to the sea (discarded); or (c) incidentally affected by interacting with fishing equipment in the fishery",IOTC Agreement,,,,,TRUE,TRUE,TRUE,TRUE,TRUE,TRUE,
Bycatch species,,"Includes all non-target animals and non-living material (debris) which are caught while fishing. In shrimp-trawl fisheries bycatch may be defined as anything the fisherman does not intend to catch and may include turtles, fish, crabs, sharks, stingrays, pieces of coral weed and seabed debris. Sometimes this is called incidental or accidental catch.",FAO terminology portal,,,,"do we want to merge this with term ""bycatch"", and pick one definition? Or have two definitions? ",TRUE,TRUE,TRUE,TRUE,TRUE,TRUE,
Byproduct,,A species taken incidentally in a fishery while fishing for the target species that has some commercial value and is retained for sale,reference,"bycatch with commercial value are non-target species which are retained. These can be sent to the kitchen, prepared by crew members, given to dockers, discarded, sold to specialized companies. They can include marlins, dorado dolphinfish, juvenile tunas",IOTC Observer Manual,,not sure where the first definition is from? Added by Manu?,TRUE,TRUE,TRUE,TRUE,TRUE,TRUE,
Cast nets,,"Fishing gear cast from the shore or from a boat over the water surface; catches the fish by falling and closing in on them by means of a drawstring. Its use is usually restricted to shallow waters,Cast nets",data catalogue code lists,,,,,TRUE,TRUE,TRUE,TRUE,TRUE,TRUE,
Chartering state,,,,,,to define,,TRUE,TRUE,TRUE,TRUE,TRUE,TRUE,
Civil twilight,,At dawn (in the morning) starts when the sun's disk is 6 degrees below the horizon and ends at sunrise. At dusk (In evening) civil twilight starts when the sun sets and ends when the sun is 6 degrees below the horizon,IOTC Observer Manual,,,,remove? Unneccessary definition? ,TRUE,TRUE,TRUE,TRUE,TRUE,TRUE,
Cleithrum-fork length,,Straight distance between the cleithrum and the fork of the tail,data catalogue ,,,,do we need to define cleithrum?,TRUE,TRUE,TRUE,TRUE,TRUE,TRUE,
Cleithrum-keel length,,Straight distance between the cleithrum and the anterior insertion of the caudal keel,data catalogue ,,,,,TRUE,TRUE,TRUE,TRUE,TRUE,TRUE,
Coastal fishery,,fishery composed of fishing vessels of less than 24 m length overall that exclusively operate in the Exclusive Economic Zone of their flag state, not recorded in the IOTC Record of Authorised Vessels. Synonym to IOTC artisanal fishery,"any fishery, including artisanal fisheries, where the fishing activity is undertaken by a vessel below 24 m LOA that is not required to be registered on the IOTC Record of Authorised Vessels",IOTC-2025-CoC22-11_Add4-IOTC Glossary,,,,TRUE,,,,,
Commercial fishery,,"the harvesting of seafood products, either in whole or in part, for sale",FAO terminology portal,,,,,TRUE,TRUE,TRUE,TRUE,TRUE,TRUE,
Commercial small scale fisheries,,"fish is caught in national jurisdiction areas (NJA) of the flag state, by vessels with a length overall of less than 15 m, and sold at landing sites, at markets, to processing factories",IOTC fishery types code list,,,,,TRUE,TRUE,TRUE,TRUE,TRUE,TRUE,
Conservation and management measure,,"any measure adopted pursuant to Articles V(2)(c) and IX in the IOTC Agreement,Conservation and management measure", and more generally where not applicable to IOTC such measures that are consistent with international law,,,,,,TRUE,,,,,
Control centre/box,,"the EM control centre is a computer and software system that records and stores information from EM System components (e.g., video, sensor data, GPS data",EM workshop Marua 2025-WCPFC term,,,,,TRUE,TRUE,TRUE,TRUE,TRUE,TRUE,TRUE
Coordinating Working Party on Fishery Statistics,,"international and interorganizational forum for agreeing common definitions, classifications and standards for the collection of fishery and aquaculture statistics. It has developed common procedures for statistics collation which have streamlined processes and reduced the burden on the statistical offices of national fisheries and aquaculture production", and facilitating the publication of methodological and reference documents,,,,,,TRUE,,,,,
Danish seines,," a boat seine composed of a bunt (bag or loose netting) and long wings often lengthened with long towing ropes or warps. Operated from a boat, they are generally used on the bottom, where they are hauled by two ropes, usually very long",Gear code lists,,,,,TRUE,TRUE,TRUE,TRUE,TRUE,,
Deactivation of a buoy,,means the act of cancelling satellite communications service,IOTC observer manual,,,,,TRUE,TRUE,TRUE,TRUE,TRUE,,
Data storage,,"The EM equipment should have enough storage capacity to store all EM records for a certain period of time, which should be at minimum a complete trip. The duration will depend on the vessel's operational characteristics that could range from 4 months (in the case of purse seiners) to12 months or more in the case of longliners).",EM workshop standards,,,,,TRUE,TRUE,TRUE,TRUE,TRUE,TRUE,
Data storage backup,,"The EM equipment should include separate, duplicate backup devices to ensure that data are not lost if a storage device fails.",EM workshop standards,,,,,TRUE,TRUE,TRUE,TRUE,TRUE,TRUE,
Deep setting,,the gear is deployed in deep waters,data catalogue ,,,to validate,do we want to define specific depths to clarify the def,TRUE,TRUE,TRUE,TRUE,TRUE,TRUE,
Demersal setting,,the gear is set in waters close to the seabed,data catalogue ,,,to validate,do we want to define specific depths to clarify the def,TRUE,TRUE,TRUE,TRUE,TRUE,TRUE,
Depredation,,"an interaction between marine animals (e.g. cetaceans, seabirds, sea turtles, sharks and rays) with different types of fishing gear considered to be a source of food. Depredatory behaviour can have consequences on fisheries through the removal of bait or caught fish from hooks, nets or traps, thereby reducing commercial catches (i.e. income) or damage done to fishing gear. Depredation can also impact animals",FAO terminology portal,,,,,TRUE,TRUE,TRUE,TRUE,TRUE,TRUE,
Designated installer or service technician,,"a person or entity authorised by en EM Service provider to install or service an EM system,Designated installer or service technician",Marua 2025-WCPFC term,,,,,TRUE,TRUE,TRUE,TRUE,TRUE,TRUE,TRUE
Digital selective calling,DSC,"A component of GMDSS: The IMO also introduced Digital Selective Calling (DSC) on MF, HF and VHF maritime radios as part of the GMDSS system. Each DSC-equipped ship",IOTC ROS Scientific observer manual,,,,,TRUE,TRUE,TRUE,TRUE,TRUE,TRUE,
Discards,,"All non-retained catch, including individuals released alive or discarded dead",IOTC reporting guidelines glossary,the part of the catch that is not retained on board and is returned at sea,FAO terminology portal,,pick one def? Or keep both,,TRUE,,,,,
Doppler current meter,,,,,,To define,,TRUE,TRUE,TRUE,TRUE,TRUE,TRUE,
Drifting Fish Aggregating Device,DFAD,"fish aggregating device not tethered to the bottom of the ocean typically composed of a floating structure (such as a bamboo or metal raft with buoyancy provided by buoys, corks, etc.) and of a submerged structure (made of canvass, etc.)",IOTC reporting guidelines glossary,device that is neither anchored nor otherwise attached to the seabed and let adrift,FAO terminology portal,to validate,,,TRUE,,,,,
Drifting gillnet,,"a drifting gillnet (or driftnet) is usually fished in a fleet which can extend over a great distance in open waters. Drifting gillnets fish on or near the surface but can be in midwater, with the length of buoy ropes controlling the depth of the net. The net is typically adrift with the vessel or a marker (buoy and highflyer) attached to one or both ends of the gear. In large operations",gear code lists,,,,,TRUE,TRUE,TRUE,TRUE,TRUE,TRUE,
Drifting longline,,"Longline kept near the surface or at a certain depth by means of regularly spaced floats. Drifting longlines may be of considerable length, and the snoods are usually longer and more widely spaced than for the bottom longlines. Some drifting longlines are set vertically, each line hanging from a float at the surface. They are usually worked in groups of several lines operated by a single boat",FAO terminology portal,,,,,,TRUE,,,,,
Driftnet,,Type of gillnet that is not fixed to the seabed but allowed to drift with the current. Synonym to drift gillnet ,FAO terminology portal,,,,,,,,,,,
Echosounder,,Transducer located beneath the hull transmits a sound wave downwards which is reflected on the bottom (echo) to return to the hull and indicate the depth of water. The sound waves are reflected also from fish and can help the captain to spot the schools of fish. The depth on an echo sounder can be measured either in meters (m) or fathoms (fm) and it is very important to note in which units the depth is recorded. Remember: 1 fathoms = 1.83 m,IOTC ROS Scientific observer manual,,,,,TRUE,TRUE,TRUE,TRUE,TRUE,TRUE,
Effort,,A measure of the resources used to harvest a fishery's stock. The measure of effort appropriate for a fishery depends on the methods used and the management arrangements. Common measures include the number of vessels,IOTC glossary,,,,,TRUE,TRUE,TRUE,TRUE,TRUE,TRUE,
Electronic monitoring,EM,The use of electronic devices to record fishing vessels' activities using video technology linked to a Global Position System (GPS),EM workshop Marua 2025-IOTC term (well aligned),,,,,TRUE,TRUE,TRUE,TRUE,TRUE,TRUE,
Electronic monitoring analysis,,The review of EM records by EM observers/reviewers to produce EM data,EM workshop Marua 2025-IOTC term (well aligned),,,,,TRUE,TRUE,TRUE,TRUE,TRUE,TRUE,
Electronic monitoring analyst,,EM Reviewer/Observer  -- a person qualified to review EM records,EM workshop Marua 2025-IOTC term,,,,,TRUE,TRUE,TRUE,TRUE,TRUE,TRUE,
Electronic monitoring audit requirements,,"The WCPFC agreed standards and procedures to be followed by an EM program in order to support the WCPFC agreed audit and assurance process. The requirements may include standards on processes such as EM record and EM dataretention,Electronic monitoring audit requirements",EM workshop-WCPFC term,,,,,TRUE,TRUE,TRUE,TRUE,TRUE,TRUE,
Electronic monitoring certifier,,"An individual or organisation which has been approved by the appropriate authority to inspect and approve EM systems for use,Electronic monitoring certifier",EM workshop-WCPFC term,,,,,TRUE,TRUE,TRUE,TRUE,TRUE,TRUE,
Electronic monitoring coverage,,Split into three: EM Installation Coverage -- the proportion of vessels by fleet that has EM equipment installed that is operational EM Record Coverage -- the proportion of fishing effort for which EM records are collected by installed EM equipment EM Observer/Review Coverage -- the proportion of fishing effort for which EM records are reviewed to produce EM data and submitted to the IOTC,EM workshop,,,,,TRUE,TRUE,TRUE,TRUE,TRUE,TRUE,
Electronic monitoring coverage,,The proportion of vessels or fishing effort that are recorded by the EM Program. Note that this definition not analogous to the commonly used definition of observer coverage. The analogous quantity can be determined by multiplying the EM coverage rate by the EM analysis rate,EM workshop-WPCFC term,,,,,TRUE,TRUE,TRUE,TRUE,TRUE,TRUE,
Electronic monitoring data,,"Processed/analysed data produced through review of EM records that conforms with the EM data standards,Electronic monitoring data",EM workshop-IOTC (Well-aligned),,,,,TRUE,TRUE,TRUE,TRUE,TRUE,TRUE,
Electronic monitoring data requirements,,"The WCPFC agreed minimum data fields with associated data standards that must be generated from EM records and ancillary logs,Electronic monitoring data requirements",EM workshop-WCPFC term,,,,,TRUE,TRUE,TRUE,TRUE,TRUE,TRUE,
Electronic monitoring data standards,,"The agreed subset of data requirements by the IOTC Regional Observer Scheme (ROS) that could be collected by the EMS,Electronic monitoring data standards",EM workshop-IOTC term,,,,,TRUE,TRUE,TRUE,TRUE,TRUE,TRUE,
Electronic monitoring equipment,,A network of electronic cameras,EM workshop-IOTC term (well aligned),,,,,TRUE,TRUE,TRUE,TRUE,TRUE,TRUE,
Electronic monitoring installation coverage,,"The proportion of vessels by fleet that has EM equipment installed that is operational,Electronic monitoring installation coverage",IOTC Resolution 23/08,,,,,TRUE,TRUE,TRUE,TRUE,TRUE,TRUE,
Electronic monitoring observer/reviewer coverage,,"The proportion of fishing effort for which EM records are reviewed to produce EM data and submitted to the IOTC,Electronic monitoring obsesrver/reviewer coverage",IOTC Resolution 23/08,,,,,TRUE,TRUE,TRUE,TRUE,TRUE,TRUE,
Electronic monitoring observer/reviewer,,A person qualified to review EM records,IOTC Resolution 23/08,,,,,TRUE,TRUE,TRUE,TRUE,TRUE,TRUE,
Electronic monitoring process,,** recommendation from EM workshop to use this instead of EM system,,,,To define,** recommendation from EM workshop to use this instead of EM system,TRUE,TRUE,TRUE,TRUE,TRUE,TRUE,
Electronic monitoring program (Electronic monitoring system program),,"called EM program -- a process administered by a national or regional administration that regulates the use of EMS on vessel to collect and verify fisheries data and information responsible throgh an implementation of an EMS in a defined area and/or fishery,Electronic monitoring program (Electronic monitoring system program)",EM workshop Marua2025-IOTC (but change term),,,,,TRUE,TRUE,TRUE,TRUE,TRUE,TRUE,
Electronic monitoring program standards,,"the agreed standards, specifications and procedures (SSP) governing the establishment and operation of an EM Program",Resolution 23/08,,,,,TRUE,TRUE,TRUE,TRUE,TRUE,TRUE,
Electronic monitoring records,,"imagery, and possibly sensor",EM workshop Marua 2025-IOTC,,,,,TRUE,TRUE,TRUE,TRUE,TRUE,TRUE,
Electronic monitoring records,,"Electronic data (footage and other information such as ancillary data and metadata) captured during a fishing trip,Electronic monitoring records",EM workshop,,,,,TRUE,TRUE,TRUE,TRUE,TRUE,TRUE,
Electronic monitoring record coverage,,"The proportion of fishing effort for which EM records are collected by installed EM equipment,Electronic monitoring record coverage",Resolution 23/08,,,,,TRUE,TRUE,TRUE,TRUE,TRUE,TRUE,
Electronic monitoring record coverage,,"The percentage of total fishing effort (trips/events) for which EM records are available,Electronic monitoring record coverage",EM workshop standard definition,,,,,TRUE,TRUE,TRUE,TRUE,TRUE,TRUE,
Electronic monitoring review centre,,"local, national",EM workshop-IOTC term,,,To define,,TRUE,TRUE,TRUE,TRUE,TRUE,TRUE,
Electronic monitoring review provider,,"A third-party provider of EM review services to review EM records to produce EM data. The same third-party organisation can provide both the EM equipment and EM review services but they can also be supplied by different providers,Electronic monitoring review provider",EM workshop-IOTC term,,,,,TRUE,TRUE,TRUE,TRUE,TRUE,TRUE,
Electronic monitoring review rate,,The proportion of EM records that are analysed to produce EM data, but this one is aligned with WCPFC),,,,,TRUE,TRUE,TRUE,TRUE,TRUE,TRUE,
Electronic monitoring system,,"One tool is the use of electronic monitoring systems to monitor individual vessel operations at sea. In a typical electronic monitoring application, cameras, recording video or still images, are deployed at key points on the vessel to allow a view of the fishing operation. The video footage is stored on hard drives that government officials can use to review compliance with regulations",FAO terminology portal,,,to exclude,,TRUE,TRUE,TRUE,TRUE,TRUE,TRUE,
Electronic monitoring system,EMS,"An integrated system of hardware and software that supports acquisition of video footages of fishing activity, positional data and/or sensor",Resolution 25/06,"the system comprising the vessel and shore- based components for collecting, transmitting and reviewing EM records",EM workshop Marua 2025-IOTC,,,TRUE,TRUE,TRUE,TRUE,TRUE,TRUE,
Electronic technologies,,"Any electronic tool that is used to support fisheries-dependent data collection, both on shore and at sea",Resolution 23/08,,,,,TRUE,TRUE,TRUE,TRUE,TRUE,TRUE,
Elasmobranchs,,"Subclass of chondrichthyes or cartilaginous fish, including modern sharks (superorder Selachii), skates", and sawfish (superorder Batoidea),,,,,,TRUE,,,,,
Encircling gillnets,,"An encircling gillnet is a gillnet set vertical, in shallow waters, encircling fish. After the fish has been encircled by the net",Gear code lists,,,,,TRUE,TRUE,TRUE,TRUE,TRUE,TRUE,
Engine power,,Power that an engine can put out, generally expressed in kilowatt (kw) or horsepower (hp),,,,,,TRUE,,,,,
Event (EM),,An occurrence in the EM Records that is enumerated into EM data,EM workshop-WCPFC term,,,,,TRUE,TRUE,TRUE,TRUE,TRUE,TRUE,
Exhaustive sampling,,,,,,to define,no definition in data catalogue,TRUE,TRUE,TRUE,TRUE,TRUE,TRUE,
Exclusive Economic Zone,,"A zone under national jurisdiction (up to 200-nautical miles wide) declared in line with the provisions of 1982 United Nations Convention of the Law of the Sea, within which the coastal State has the right to explore and exploit, and the responsibility to conserve and manage, the living and non-living resources.",FAO terminology portal,"An area beyond and adjacent to the territorial sea, subject to the specific legal regime established in the United Nations Convention on the Law of the Sea, which provides that it is not to extend beyond 200 nm from the baselines from which the breadth of the territorial sea is measured.",IOTC data reporting guidelines,,,,TRUE,,,,,
Field sampler,,A person who collects information on land during the unloading of fishing vessels and field sampling programs can be used inter alia for quantifying catch,Resolution 25/06,,,,,TRUE,TRUE,TRUE,TRUE,TRUE,TRUE,
Fishery information system ,FIS,,,,,To define,missing reference,TRUE,TRUE,TRUE,TRUE,TRUE,TRUE,
Fish aggregating device,FAD,"Artificial or natural floating objects placed on the ocean surface, often anchored to the bottom, to attract several schooling fish species underneath",FAO terminology portal,,,,,TRUE,TRUE,TRUE,TRUE,TRUE,TRUE,
Fisher,,"an individual who engages in fishing activities for the purpose of deriving a livelihood, generating a revenue or pursuing sport or recreation. A full-time",IOTC data reporting guidelines,,,,,TRUE,TRUE,TRUE,TRUE,TRUE,TRUE,
Fishery,,"An activity leading to harvesting of fish. It may involve capture of wild fish or raising of fish through aquaculture ([FAO fishery glossary](https://www.fao.org/faoterm/en/)),Fishery (FAO)",FAO,"an organized effort by humans to catch fish or other aquatic species, an activity known as fishing. Depending on the scale, degree of sophisitcation of gears, and on the method of fishing used, fisheries can be subdivided into artisanal, semi-industrial",ROS Observer Manual,,,TRUE,TRUE,TRUE,TRUE,TRUE,TRUE,
Fishing capacity,,"The ability of a vessel or fleet of vessels to catch fish. Fishing capacity (capacity output) can be expressed more specifically as the maximum amount of fish over a period of time (year, season) that can be produced by a fishing fleet if fully utilised",Github glossary,"(1) The potential fishing effort that could be exerted in a fishery, over a period of time (year, season) if all fishers are participating and all vessels and gear are fully used. (2) The maximum amount of fish that could be taken in a fishery or by a single fishing unit (e.g. a fisher, community, vessel or fleet) over a period of time (season, year), given the biomass and age structure of the fish stock and the present state of the technology",FAO terminology portal,,,TRUE,TRUE,TRUE,TRUE,TRUE,TRUE,
Fishing effort,,"The overall amount of fishing (usually per unit of time) expressed in units such as: boat days on the fishing ground, number of traps, or trawl hauls, or (gillnet length x soaking time)",FAO terminology portal,"amount of fishing taking place, usually described in terms of gear type and the frequency or period of operations (e.g. ‘hook sets’, ‘trawl hours’",IOTC glossary scientific terms,,,TRUE,TRUE,TRUE,TRUE,TRUE,TRUE,
Fishing effort (effective),,"Adjusted measure of effort to take account of differences in fishing power and efficiency and ensure proportionality with fishing mortality, and when two or more kinds of gear are used or when the same gear is used for example by different classes of vessel or métier",IOTC glossary,,,,check CWP Handbook on Fisheries,TRUE,TRUE,TRUE,TRUE,TRUE,TRUE,
Fishing effort (nominal),,"General measure of effort used to quantify the unadjusted, total effort units exerted on a stock in a given time period by a fishery",IOTC glossary,,,,,TRUE,TRUE,TRUE,TRUE,TRUE,TRUE,
Fishing event,,,,,,To define,missing reference,TRUE,TRUE,TRUE,TRUE,TRUE,TRUE,
Fishing gear,,"the general name for the equipment used for fishing. This might include lines, nets, warps, floats",FAO terminology terminal,,,,,TRUE,TRUE,TRUE,TRUE,TRUE,TRUE,
Fishing logbook,,A paper based or electronic record of any data related to fishing or fishing related activities,IOTC-2025-CoC22-11_Add4-IOTC Glossary,,,,,TRUE,TRUE,TRUE,TRUE,TRUE,TRUE,
Fishing mode,,A specific practice or method of conducting a fishing operation or searching for fish within a fishery,github glossary,,,,,TRUE,TRUE,TRUE,TRUE,TRUE,TRUE,
Fishing related activities,,"Any operation in support of, or in preparation for, fishing, including the landing, packaging, processing, transhipping or transporting of fish that have not been previously landed at a port, as well as the provisioning of personnel, fuel",IOTC-2025-CoC22-11_Add4-IOTC Glossary,,,,,TRUE,TRUE,TRUE,TRUE,TRUE,TRUE,
Fishing set,,,,,,To define,missing reference,TRUE,TRUE,TRUE,TRUE,TRUE,TRUE,
Fishing trip,,A defined period during which a vessel engages in fishing activities,EM workshop-workshop standards,,,,,TRUE,TRUE,TRUE,TRUE,TRUE,TRUE,
Fishing trip,,"The period between either (a) a vessel's departure from port after unloading part or all of the catch to transit to a fishing area, or (b) a vessel recommences fishing operations or transits to a fishing area after transshipping part or all of the catch at sea, and the time that the vessel either (c) returns to port to unload part or all of its catch",EM workshop-only WCPFC term,,,,,TRUE,TRUE,TRUE,TRUE,TRUE,TRUE,
Fishing vessel,,"Transporting, landing, preserving and/or processing fish, shellfish and other aquatic organisms",Guidelines for the reporting of fishery statistics to the IOTC,,,,missing reference,TRUE,TRUE,TRUE,TRUE,TRUE,TRUE,
Fishing vessel,,"Fishery vessel only engaged in catching operations. The term non-fishing vessel applies to vessels performing other functions related to fisheries; this includes vessels providing supplies, motherships, fish carriers, and vessels involved in fisheries resources protection, aquaculture operations",IOTC data reporting guidelines,"any vessel of any size used for, equipped for use for, or intended for use for the purposes of fishing or fishing-related activities, including support vessels, fish-processing vessels, vessels engaged in transshipment and carrier vessels equipped for the transportation of fishery products",FAO terminology portal,,missing reference,TRUE,TRUE,TRUE,TRUE,TRUE,TRUE,
Flag state,,The State which has granted to a vessel the right to fly its flag and has issued a registration to that effect,IOTC-2025-CoC22-11_Add4-IOTC Glossary,,,,this should become the reference so the IOTC should become the source,TRUE,TRUE,TRUE,TRUE,TRUE,TRUE,
Fork length,,In a fish with a forked tail: the distance from the mouth tip to the tail fork,FAO terminology portal,"Length of a fish measured as the distance between the tip of the snout and the point of the fork or V of the tail. Commonly used to record the length of commercial fish because it is little affected by damage to the tail fin (cf. Total length). Fork length is measured flat, from point to point, not by stretching a tape along the body surface",,,to get from IOTC Reference Data Catalogue,TRUE,TRUE,TRUE,TRUE,TRUE,TRUE,
Free school,,"The fish school is not associated with any anchored or drifting floating object. Synonym to free-swimming school or unassociated school,Free school",IOTC glossary,,,,,TRUE,TRUE,TRUE,TRUE,TRUE,TRUE,
Gear,,"the general name for the equipment used for fishing. This might include lines, nets, warps, floats",IOTC glossary,,,,,TRUE,TRUE,TRUE,TRUE,TRUE,TRUE,
Geolocation device,,"A device that is used to capture information on vessel position that can also be used to determine vessel speed and heading,Geolocation device",EM workshop-WCPFC term,,,,,TRUE,TRUE,TRUE,TRUE,TRUE,TRUE,
Ghost fishing,,"The accidental capture of aquatic organisms by fishing gear (usually gill nets, or traps, pots",FAO,,,,,TRUE,TRUE,TRUE,TRUE,TRUE,TRUE,
Ghost fishing gear,,Abandoned fishing gear = fishing gear over which that operator/owner has control and that could be retrieved by owner/operator,code lists,,,to review,,TRUE,TRUE,TRUE,TRUE,TRUE,TRUE,
Gillnet,,"A net, which is hung vertically in the water so that fish attempting to pass through become caught by the gill covers, entangled or enmeshed in the netting. According to their design, ballasting and buoyancy, these nets may be used to fish on the surface",FAO fisheries glossary,,,,,TRUE,TRUE,TRUE,TRUE,TRUE,TRUE,
Global Maritime Distress and Safety System,GMDSS,"The technical, operational and administrative structure for maritime distress and safety communications worldwide establishes the radiocommunications equipment that all vessels from counties aligned to the United Nations and IMO are required to carry, how this equipment shall be maintained and how it is used",ROS observer manual,,,,,TRUE,TRUE,TRUE,TRUE,TRUE,TRUE,
Global Positioning System,GPS,"a satellite based navigational system allowing the determination of any point on the earth's surface with a high degree of accuracy given a suitable GPS receiver. The network of satellites is owned by the US Department of Defence, and as such, the accuracy of the signal is intentionally degraded for non-US military users. The error introduced into the signal is known as selective availability. Error in the accuracy of GPS derived positions can also be introduced through the nature of local conditions",FAO terminology portal,,,,(Maybe we just take part of the definition?),TRUE,TRUE,TRUE,TRUE,TRUE,TRUE,
Global Positioning System plotter,,A GPS chart plotter is an electronic chart. The position of the ship is shown on the map and moves as the ship navigates from one point to another. In addition,ROS Scientific observer manual,,,,,TRUE,TRUE,TRUE,TRUE,TRUE,TRUE,
Global Navigation Satellite System ,GNSS,"def,GNSS",reference,,,,,TRUE,TRUE,TRUE,TRUE,TRUE,TRUE,
Gross tonnage,,"dimensionless measure of the overall size of a ship ([Thermes et al. 2023](https://www.fao.org/fishery/en/publications/278529),Gross tonnage",FAO,,,,,TRUE,TRUE,TRUE,TRUE,TRUE,TRUE,
Handline,,"fishing method in which a line with a hook, usually baited, is lowered into the water from a drifting, anchored or moving fishing vessel or from a jetty",IOTC glossary,"Fishing-line without a rod, with one or several baited hooks attached",FAO terminology portal,,this is the glossary!,TRUE,TRUE,TRUE,TRUE,TRUE,TRUE,
Harpoon,,Fishing gear consisting of a pointed dart or iron attached to the end of a line several hundred feet in length,FAO terminology portal,,,,,TRUE,TRUE,TRUE,TRUE,TRUE,TRUE,
HF Radio,,A component of GMDSS: The GMDSS includes High Frequency (HF) radiotelephone and radio telex (narrow-band direct printing) equipment,ROS observer manual,,,,shitty definition,TRUE,TRUE,TRUE,TRUE,TRUE,TRUE,
High seas,,"all parts of the sea that are not included in the exclusive economic zone, in the territorial sea or in the internal waters of a State",IOTC glossary (UNCLOS),,,,,TRUE,TRUE,TRUE,TRUE,TRUE,TRUE,
High seas,,"that area of the oceans which is not subject to the jurisdiction of any one state.That area of the oceans which is not subject to the jurisdiction of any one state,High seas",FAO terminology portal,,,,,TRUE,TRUE,TRUE,TRUE,TRUE,TRUE,
Hook pods,,,,,,To define,missing reference,TRUE,TRUE,TRUE,TRUE,TRUE,TRUE,
International Maritime Organization number,IMO,,,,,to define,,,,,,,,
Incidentally affected species,,"Bycatch species that accidentally interact with fishing equipment in the fishery, that are not taken but released to the sea (cetaceans, seals, turtles, birds, etc.). Some of these species may be considered protected",ROS observer manual,,,,"this glossary should feed the manuals, etc. So we need another source or define the fact that the IOTC workshop (2018) is the source, o rthe final report from CapMarine",TRUE,TRUE,TRUE,TRUE,TRUE,TRUE,
Incidentally taken species,,"Bycatch species of no commercial value such as fish species, crustaceans or other non-target organisms without commercial interest, not marketable for reasons of size (immature, juvenile), prohibited from fishing",ROS observer manual,,,,"this glossary should feed the manuals, etc. So we need another source or define the fact that the IOTC workshop (2018) is the source, o rthe final report from CapMarine",TRUE,TRUE,TRUE,TRUE,TRUE,TRUE,
Independent (EM),,"With respect to audits - no financial or current employment interest with the DRC,Independent (EM)",EM workshop-only a WCPFC term,,,,that is not a definition,TRUE,TRUE,TRUE,TRUE,TRUE,TRUE,
Industrial fishery,,"fishery that (i) catches fish from large and medium-sized vessels fitted out with mechanised methods of operating the fishing gear and installations for preservation of fish on board, (ii) process the catch either in land base or on board – in which cases the vessels are provided with appropriate processing installations, and (iii) distribute the fish products around the country and abroad using mechanised means of transportation adapted for fish and fish products. All these activities are generally organised for the financial benefit of the companies or organisations operating the fishing vessels, processing plants",FAO,,,,,TRUE,TRUE,TRUE,TRUE,TRUE,TRUE,
Industrial fishing,,"using large vessels, generally greater than 15 m in length",FAO terminology portal,,,,,TRUE,TRUE,TRUE,TRUE,TRUE,TRUE,
Industrial fishing vessel,,"large vessel, typically of 24 m in length and over, engaged in catching operations",IOTC glossary,,,,this is the glossary!,TRUE,TRUE,TRUE,TRUE,TRUE,TRUE,
Inmarsat,,"a component of GMDSS: Inmarsat Satellite systems operated by the Inmarsat, overseen by IMSO, International Mobile Satellite Organization are important elements of the GMDSS. The types of Inmarsat ship earth station terminals recognized by the GMDSS are: Inmarsat B",ROS observer manual,,,,,TRUE,TRUE,TRUE,TRUE,TRUE,TRUE,
Installation coverage,,"the percentage of vessels equipped with EM systems,Installation coverage",EM workshop-workshop standards,,,,,TRUE,TRUE,TRUE,TRUE,TRUE,TRUE,
Instrumented buoy,,"A buoy with a clearly marked with a unique reference number allowing identification of its owner and equipped with a satellite tracking system to monitor its position (Res. [19/02](https://iotc.org/cmm/resolution-1902-procedures-fish-aggregating-devices-fads-management-plan)),Instrumented buoy",IOTC resolution 19/02,,,,,TRUE,TRUE,TRUE,TRUE,TRUE,TRUE,
IOTC active vessel list,AVL,"The list of vessels having operated in the IOTC area of competence in a given year, including fishing and non-fishing vessels of 24 m length overall and over",IOTC resolution 10/08,,,,,TRUE,TRUE,TRUE,TRUE,TRUE,TRUE,
IOTC Agreement,,The 1993 Agreement for the establishment of the Indian Ocean Tuna Commission,IOTC data reporting guidelines,,,,,TRUE,TRUE,TRUE,TRUE,TRUE,TRUE,
IOTC Area of Competence,,"The Indian Ocean (defined for the purpose of the IOTC Agreement as being FAO Statistical Areas 51 and 57), and adjacent seas, north of the Antarctic Convergence, insofar as it is necessary to cover such seas for the purpose of conserving and managing stocks that migrate into or out of the Indian Ocean. In 1999, the Commission extended the western boundary of the IOTC statistical area from 30ºE to 20ºE",IOTC data reporting guidelines,,,,,TRUE,TRUE,TRUE,TRUE,TRUE,TRUE,
 IOTC Conservation and Management Measures,CMM,"as specified in Article IX of the Agreement, CMMs consist of Resolutions, which are binding on Members, subject to Article IX para 5 of the IOTC Agreement, and Recommendations, which are non-binding",IOTC-2025-CoC22-11_Add4-IOTC Glossary,,,to rewrite,,TRUE,TRUE,TRUE,TRUE,TRUE,TRUE,
IOTC observer,,"An observer appointed pursuant to the IOTC Regional Observer Scheme under Resolution 11/04 and Resolution 19/06 and any superseding Resolution,IOTC observer",IOTC-2025-CoC22-11_Add4-IOTC Glossary,,,,,TRUE,TRUE,TRUE,TRUE,TRUE,TRUE,
 IOTC Record of Authorized vessels,RAV,"the list of vessels authorised to operate in the IOTC Area of Competence in a given time period, including fishing and non-fishing vessels of 24 m length overall and over",IOTC data reporting guidelines,,,,,TRUE,TRUE,TRUE,TRUE,TRUE,TRUE,
 IOTC species,,Any or all of the 16 tuna and tuna-like species listed in Annex B of the IOTC Agreement,,the subset of species that are managed by the IOTC,species code list,,can merge defintions,TRUE,TRUE,TRUE,TRUE,TRUE,TRUE,
IOTC stocks,,The populations of the IOTC species which are located in the IOTC area of competence or migrate into or out of the area IOTC Agreement,,,,,missing reference,TRUE,TRUE,TRUE,TRUE,TRUE,TRUE,
International Radio Call Sign,IRCS,,,,,,missing reference,TRUE,TRUE,TRUE,TRUE,TRUE,TRUE,
Landing,,"The part of the catch that is retained on board and brought ashore,Landing",FAO terminology portal,,,,,TRUE,TRUE,TRUE,TRUE,TRUE,TRUE,
Landing,,the movement of fish and fishery products in any form from a vessel to dockside in a port or free-trade zone,FAO terminology portal,,,,,TRUE,TRUE,TRUE,TRUE,TRUE,TRUE,
Landing,,the initial movement of fish from a vessel to dockside in a port or free-trade zone,FAO terminology portal,,,,,TRUE,TRUE,TRUE,TRUE,TRUE,TRUE,
Landing,,"the offload or transfer in port of fish from a vessel to a container,Landing",FAO terminology portal,,,,,TRUE,TRUE,TRUE,TRUE,TRUE,TRUE,
Landing,,"weight of what is landed at a landing site. May be different from the catch (which includes the discards),Landing",FAO terminology portal,,,,,TRUE,TRUE,TRUE,TRUE,TRUE,TRUE,
Landing,,"all transfers of any quantity of fish onboard from a vessel to land, other than transshipment, including transfers of fish to a port facility, transfers of fish from one vessel to another through a port facility or other means of transportation, and transfers of fish from a vessel to a container, truck, train, aircraft",IOTC-2025-CoC22-11_Add4-IOTC Glossary,,,,,TRUE,TRUE,TRUE,TRUE,TRUE,TRUE,
Large-scale driftnets,,"drift gillnets or other nets or a combination of nets that are more than 2.5 km in length whose purpose is to enmesh, entrap",IOTC glossary,,,,this is the glossary!,TRUE,TRUE,TRUE,TRUE,TRUE,TRUE,
Large-scale fishery,,"fish is caught by vessels with a length overall of 24 m and above, and sold at landing sites, at markets, to processing factories",,,,,missing reference,TRUE,TRUE,TRUE,TRUE,TRUE,TRUE,
Leader,,"the line for attaching hook to the mainline in longlines. The term is often used in drift longlines for pelagic species such as tunas and swordfish,Leader",,,,,missing reference,TRUE,TRUE,TRUE,TRUE,TRUE,TRUE,
Length overall,LOA,the distance in a straight line parallel to the design waterline,FAO terminology portal,,,,,TRUE,TRUE,TRUE,TRUE,TRUE,TRUE,
Lift nets,,"a lift net is a horizontal netting panel or bag shaped like a parallelepiped, pyramid or cone with the opening facing upwards which are submerged at a certain depth, left for a while, the time necessary for light or bait to attract fish over the opening",,,,,missing reference,TRUE,TRUE,TRUE,TRUE,TRUE,TRUE,
Line fishing,,"a general term used for a range of fishing methods that employ fishing lines in one form or another (as opposed to nets and traps). It includes handlines, hand reels, powered reels, pole-and-line, droplines, longlines, trotlines and troll lines",,,,,missing reference,TRUE,TRUE,TRUE,TRUE,TRUE,TRUE,
Line hauler (branchline),,a branch line hauler/coiler winds branch lines into tight,draft of observer manual,,,,,TRUE,TRUE,TRUE,TRUE,TRUE,TRUE,
Line setter,,,,,,To define,missing reference,TRUE,TRUE,TRUE,TRUE,TRUE,TRUE,
Live weight equivalent,,weight derived from the landed or product weight by the application of certain factors and designed to represent the actual weight of the fishery product as it was taken from the water and before being subjected to any processing or other operations ([Eurostat](https://ec.europa.eu/eurostat/statistics-explained/index.php?title=Glossary:Live_weight_of_fishery_products#:~:text=Live%20weight%20of%20fishery%20products%20is%20derived%20from%20the%20landed,,,,,,TRUE,TRUE,TRUE,TRUE,TRUE,TRUE,
Longline,,"a fishing gear in which short lines carrying hooks are attached to a longer main line at regular intervals. Longlines are laid on the bottom or suspended horizontally at a predetermined depth with the help of surface floats. The main lines can be as long as 150 km and have several thousand hooks (e.g. in tuna fisheries),Longline",FAO terminology portal,,,,,TRUE,TRUE,TRUE,TRUE,TRUE,TRUE,
Longline fisheries,,"fishery undertaken by vessels recorded in the IOTC Record of Authorised Vessels that use a longline gear (Res. [15/02](https://www.iotc.org/cmm/resolution-1502-mandatory-statistical-reporting-requirements-iotc-contracting-parties-and)),Longline fisheries",reference,,,,,TRUE,TRUE,TRUE,TRUE,TRUE,TRUE,
Longline section,,"def,Longline section",reference,,,,,TRUE,TRUE,TRUE,TRUE,TRUE,TRUE,
Lower-jaw fork length,,"length of a fish measured as the distance between the tip of the lower jaw and the point of the fork or ‘V’ of the tail. Commonly used to record the length of commercial fish with bills (e.g. swordfish) because it is little affected by damage to the tail fin (c.f. Total length) and bill. Fork length is measured flat, from point to point, not by stretching a tape along the body surface",IOTC glossary,,,,,TRUE,TRUE,TRUE,TRUE,TRUE,TRUE,
Mainline,,"longline fishing gear consists of a mainline kept near the surface or at a particular depth by means of regularly spaced floats or weights. Branchlines with baited hooks are attached to the mainline at regular intervals,Mainline",IOTC glossary,,,,,TRUE,TRUE,TRUE,TRUE,TRUE,TRUE,
Mechanized setting,,"the gear is mechanised, e.g.",gear configuration code list,,,,,TRUE,TRUE,TRUE,TRUE,TRUE,TRUE,
Medium-scale fisheries,,"fish is caught in areas beyond national jurisdiction (ABNJ) of the flag state, by vessels with a length overall less than 24 m, and sold at landing sites, at markets, to processing factories",fishery types code list,,,,,TRUE,TRUE,TRUE,TRUE,TRUE,TRUE,
Medium-scale fishery,,"the medium scale fishery is generally understood to be a fishery undertaken by powered boats and with small or medium size capital,Medium-scale fishery",FAO terminology portal,,,,,TRUE,TRUE,TRUE,TRUE,TRUE,TRUE,
Monitoring,,"the requirement for the continuous collection of fishery-related data,Monitoring",EM workshop and resolution 23/08,,,,,TRUE,TRUE,TRUE,TRUE,TRUE,TRUE,
Multiple random sampling,,"def,Multiple random sampling",reference,,,,,TRUE,TRUE,TRUE,TRUE,TRUE,TRUE,
National jurisdiction areas,,vessels operate exclusively within areas under national jurisdiction of their flag state (territorial sea,areas of operation code list,,,,,TRUE,TRUE,TRUE,TRUE,TRUE,TRUE,
National jurisdiction areas and beyond,,vessels operate in areas under national jurisdiction as well as in areas beyond national jurisdiction of their flag state (i.e.,areas of operation code list,,,,,TRUE,TRUE,TRUE,TRUE,TRUE,TRUE,
Nautical twilight,,"at dawn starts when the sun is 12 degrees below the horizon and ends when the sun is 6 degrees below the horizon. In the evening nautical twilight starts when the sun is 6 degrees below the horizon and ends when the sun is 12 degrees below the horizon,Nautical twilight",ROS observer manual,,,,,TRUE,TRUE,TRUE,TRUE,TRUE,TRUE,
NAVTEX,,"a component of GMDSS: an international, automated system for instantly distributing maritime navigational warnings, weather forecasts and warnings",ROS observer manual,,,,,TRUE,TRUE,TRUE,TRUE,TRUE,TRUE,
Neritic,,"designating, or of",ROS scientific observer,,,,,TRUE,TRUE,TRUE,TRUE,TRUE,TRUE,
Net drum hauler,,,,,,,missing reference,TRUE,TRUE,TRUE,TRUE,TRUE,TRUE,
Net tonnage,,"dimensionless measure of the useful capacity of a ship ([Thermes et al. 2023](https://www.fao.org/fishery/en/publications/278529)),Net tonnage",reference,,,,,TRUE,TRUE,TRUE,TRUE,TRUE,TRUE,
Nominal catches,,"officially declared aquatic organisms captured during fisheries and expressed as live weight equivalent. Nominal catches do not include unreported catches, such as unreported discards",([Eurostat](https://ec.europa.eu/eurostat/statistics-explained/index.php?title=Glossary:Nominal_catch)),,,,,TRUE,TRUE,TRUE,TRUE,TRUE,TRUE,
Non-mechanized setting,,"the gear is not mechanised, i.e.",gear configuration code list,,,,,TRUE,TRUE,TRUE,TRUE,TRUE,TRUE,
Non-target species,,species for which the fishing gear is not specifically deployed or set,FAO terminology portal,,,,,TRUE,TRUE,TRUE,TRUE,TRUE,TRUE,
Observer,,"means a person who collects information on board fishing vessels, in the framework of observer programs, and can be used inter alia for monitoring fishing activities, quantifying species composition of target species and bycatch",Resolution 25/06,,,,,TRUE,TRUE,TRUE,TRUE,TRUE,TRUE,
Offal,,"the viscera and trimmings of a butchered animal removed in preparing it for market or for consumption,Offal",,,,,missing reference,TRUE,TRUE,TRUE,TRUE,TRUE,TRUE,
Onboard interface/screen,,,,,,,missing reference,TRUE,TRUE,TRUE,TRUE,TRUE,TRUE,
Operational buoy,,"any instrumented buoy, previously activated, switched on and deployed at sea on a drifting FAD or log",(Res. [19/02](https://iotc.org/cmm/resolution-1902-procedures-fish-aggregating-devices-fads-management-plan)),,,,,TRUE,TRUE,TRUE,TRUE,TRUE,TRUE,
Pelagic,,"inhabiting surface waters rather than the sea floor. Usually applied to free-swimming species such as tunas and sharks,Pelagic",iotc glossary,,,,,TRUE,TRUE,TRUE,TRUE,TRUE,TRUE,
Pelagic,,relating to,FAO terminology portal,,,,,TRUE,TRUE,TRUE,TRUE,TRUE,TRUE,
Pole-and-line fishing,,"a fishing technique in which surface schooling fish are attracted to the vessel and driven into very active feeding behaviour by throwing live or dead bait into the water and spraying water onto the sea surface to simulate the escape behaviour of small preys. The fish lured with a line and a hook attached to a pole and pulled off the water by manual or powered devices,Pole-and-line fishing",([FAO fishery glossary](https://www.fao.org/faoterm/en/)),,,,,TRUE,TRUE,TRUE,TRUE,TRUE,TRUE,
Pole-and-lines,,a pole-and-line consists of a hooked line attached to a pole. This method is common to sport fisheries (angling) but it is also used in commercial fisheries. Fishing rods/poles are made of wood (including bamboo,iotc fishery categories,,,,,TRUE,TRUE,TRUE,TRUE,TRUE,TRUE,
Pool of observers,,"means a list of IOTC recognised observers that have been allocated an IOTC registration number and trained according to IOTC standards who may be called upon by other flag States,Pool of observers",IOTC Resolution 25/06,,,,,TRUE,TRUE,TRUE,TRUE,TRUE,TRUE,
Purse seine,,"nets characterized by the use of a purse line at the bottom of the net. The purse line enables the net to be closed like a purse and thus retain all the fish caught,Purse seine",([Nédélec and Prado 1990](https://www.fao.org/3/t0367t/t0367t00.htm)),,,,,TRUE,TRUE,TRUE,TRUE,TRUE,TRUE,
Purse seine,,"a purse seine is made of a long wall of netting framed with floatline and leadline (usually, of equal or longer length than the former) and having purse rings hanging from the lower edge of the gear",FAO terminology portal,,,,,TRUE,TRUE,TRUE,TRUE,TRUE,TRUE,
Purse seine,,"nets characterized by the use of a purse line at the bottom of the net. The purse line enables the net to be closed like a purse and thus retain all the fish caught. The purse seines, which may be very large, are operated by one or two boats. The most usual case is a purse seine operated by a single boat",FAO terminology portal,,,,,TRUE,TRUE,TRUE,TRUE,TRUE,TRUE,
Purse seine bunt,,"def,Purse seine bunt",reference,,,,,TRUE,TRUE,TRUE,TRUE,TRUE,TRUE,
Purse seining,,"harvesting of surface-schooling pelagic fish by surrounding the school with a net. A line that passes through rings on the bottom of the net can be tightened to close the net so that the fish cannot escape,Purse seining",IOTC glossary,,,,,TRUE,TRUE,TRUE,TRUE,TRUE,TRUE,
Radar,,"radar sends out and receives radio waves horizontally from the vessel. When the radio waves reflect off objects the reflection is shown on the radar screen. These can show the real-time position of objects around a vessel in darkness of in fog when they cannot normally be seen visually,Radar",ROS observer manual,,,,,TRUE,TRUE,TRUE,TRUE,TRUE,TRUE,
Radar,,"short for radio detection and ranging. A system of detecting and locating targets which are capable of reflecting high frequency radio waves (microwaves),Radar",FAO terminology portal,,,,,TRUE,TRUE,TRUE,TRUE,TRUE,TRUE,
Reactivation,,"the act of re-enabling satellite communications services by the buoy supplier company at the request of the buoy owner or manager,Reactivation",ROS observer program,,,,,TRUE,TRUE,TRUE,TRUE,TRUE,TRUE,
Regional agency,,"a regional or sub- regional organisation that may support CCM national EM Programs and EM Systems,Regional agency",EM standards-WCPFC term,,,,,TRUE,TRUE,TRUE,TRUE,TRUE,TRUE,
Retained catches,,"estimated component of the catch which is retained on board during a fishing trip,Retained catches",([CWP](https://www.fao.org/cwp-on-fishery-statistics/handbook/capture-fisheries-statistics/catch-and-landings/en/)),,,,,TRUE,TRUE,TRUE,TRUE,TRUE,TRUE,
Review for data quality,,"the verification process of re- analysing/interpreting a portion of previously analysed EM records to determine completeness, adherence to protocols",EM workshop-WCPFC term,,,,,TRUE,TRUE,TRUE,TRUE,TRUE,TRUE,
Ring nets,,"a ring net is a net the form of which is intermediate hybrid between a purse seine and a lamapara net: like on a purse seine, rings at the lower edge of the net, allow using a purse line to close it under the fish (pursing) and like on a lampara net",gear code lists,,,,,TRUE,TRUE,TRUE,TRUE,TRUE,TRUE,
Round weight,,"weight of the whole fish before processing or removal of any part,Round weight",([FAO fishery glossary](https://www.fao.org/faoterm/en/)),,,,,TRUE,TRUE,TRUE,TRUE,TRUE,TRUE,
s,,a component of GMDSS: These devices may be either a radar-SART (Search and Rescue Transponder),ROS observer manual,,,,,TRUE,TRUE,TRUE,TRUE,TRUE,TRUE,
Semi-industrial fishery,,"fishery that (i) catches fish from medium- (and/or small-) sized vessels fitted out with mechanised methods of operating the fishing gear, (ii) process the catch in land bases, and (iii) distributed the fish and fish products around a limited area, and in exceptional cases only for export. These activities are aimed at the financial benefit of the companies or organisations operating the fishing vessels, processing plants",([Thermes et al. 2023](https://www.fao.org/fishery/en/publications/278529)),,,,,TRUE,TRUE,TRUE,TRUE,TRUE,TRUE,
Semi-industrial fishing vessel,,"medium-sized vessel, typically of 12 m in length but less than 24 m in length, engaged in catching operations",([Thermes et al. 2023](https://www.fao.org/fishery/en/publications/278529)),,,,,TRUE,TRUE,TRUE,TRUE,TRUE,TRUE,
Semi-industrial fishing vessel (IOTC),,commercial fishing vessel of length overall comprised between 15 and 24 m and exclusively operating in the exclusive economic zone of the flag state,([IOTC-2023-WPDCS19-07_Rev1](https://iotc.org/documents/WPDCS/19/07)),,,,,TRUE,TRUE,TRUE,TRUE,TRUE,TRUE,
Sensors (EM),,"EM systems may be equipped with a variety of integrated sensors that can provide additional information on fishing activity, trigger activation or adjustment of configurations of cameras",reference,,,,,TRUE,TRUE,TRUE,TRUE,TRUE,TRUE,
Set gillnets,,"a set gillnet is a long rectangular netting anchored or otherwise fixed to the seabed to catch fish when they come in contact with it. The set gillnet is held open vertically in the water by a headrope usually with floats, and by a footrope weighted with sinkers. Floatation and weight may be built into ropes, which are usually called floatrope and leadrope respectively. The net is kept in position by anchors or other weights, usually at both ends",IOTC reference fish categories,,,,,TRUE,TRUE,TRUE,TRUE,TRUE,TRUE,
Set longline,,"longlines consist of a main line, sometimes of considerable length",FAO terminology portal,,,,,TRUE,TRUE,TRUE,TRUE,TRUE,TRUE,
Shallow setting,,"the gear is deployed at a shallow depth,Shallow setting",gear configuration code lists,,,,,TRUE,TRUE,TRUE,TRUE,TRUE,TRUE,
Shark lines,,"def,Shark lines",reference,,,,,TRUE,TRUE,TRUE,TRUE,TRUE,TRUE,
Sinker,,"a weight used to sink a fishing line ornet,Sinker",FAO terminology portal,,,,,TRUE,TRUE,TRUE,TRUE,TRUE,TRUE,
Size frequency,,"the number of individuals in a catch or catch sample in each group of sizes (size intervals),Size frequency",reference,,,,,TRUE,TRUE,TRUE,TRUE,TRUE,TRUE,
Small-scale fishery,,"fishery characterised in most cases by fishing vessels with non-mechanized propulsion systems (sails and oars) or low-horsepower outboard or inboard engines, use of passive fishing methods, manual operation of fishing gear (setting, shooting and hauling) and the absence of electronic fish-finding and navigational devices ([Tietze et al. 2000](https://www.fao.org/3/x8294e/X8294E00.htm)). From a socio-economic perspective, small-scale fisheries can be broadly categorised as a dynamic and evolving sector employing labour intensive harvesting, processing and distribution technologies to exploit marine and inland water fishery resources. The activities of this sub-sector, conducted full-time or part-time, or just seasonally, are often targeted on supplying fish and fishery products to local and domestic markets",reference,,,,,TRUE,TRUE,TRUE,TRUE,TRUE,TRUE,
Sonar,,"an apparatus that uses sound waves to detect objects underwater by measuring or classifying the echoes received from them. An echo sounder is a sonar that transmits vertically. In practice, a sonar is an apparatus other than an echo sounder, i.e.",FAO terminology portal,,,,,TRUE,TRUE,TRUE,TRUE,TRUE,TRUE,
Species of special interest,,"species of Special Interest include all marine turtles, all marine mammals, all seabirds, shark species with a retention ban: whale sharks (Res 13/05), oceanic white tip sharks (Res 13/06) and thresher sharks (Res 12/09.); and billfish species included in Res 18/05: striped",ROS observer manual,,,,,TRUE,TRUE,TRUE,TRUE,TRUE,TRUE,
Standard length,,"the length of fish measured in a straight line from the tip of the snout to the end of the caudal skeleton,Standard length",FAO terminology portal,,,,,TRUE,TRUE,TRUE,TRUE,TRUE,TRUE,
Stow nets,,"a stow net is a stationary gear made from netting, usually in the form of a cone or pyramid. Stow nets can be fixed for a long time at the same place in rows. These nets are fixed by means of anchors or stakes, placed according to the direction and strength of the current. The mouths are sometimes held open by a frame",gear code lists,,,,,TRUE,TRUE,TRUE,TRUE,TRUE,TRUE,
Stratefied sampling,,"def,Stratefied sampling",reference,,,,,TRUE,TRUE,TRUE,TRUE,TRUE,TRUE,
Streamer line,,a line with streamers,FAO terminology portal,,,,,TRUE,TRUE,TRUE,TRUE,TRUE,TRUE,
Subsistence fishery,,"fish is caught in national jurisdiction areas (NJA) of the flag state, by vessels with a length overall of less than 15 m",fishery types code list,,,,,TRUE,TRUE,TRUE,TRUE,TRUE,TRUE,
Sub-surface setting,,"the gear is deployed beyond the surface of the water,Sub-surface setting",gear configuration code lists,,,,,TRUE,TRUE,TRUE,TRUE,TRUE,TRUE,
Sunrise,,"is the time in the morning when the first part of the sun appears above the horizon,Sunrise",ROS observer manual,,,,,TRUE,TRUE,TRUE,TRUE,TRUE,TRUE,
Sunset,,"is the time in the evening when last part of the sun disappears below the horizon,Sunset",ROS observer manual,,,,,TRUE,TRUE,TRUE,TRUE,TRUE,TRUE,
Supply vessel,,"any vessel used, equipped to be used or intended to be used for purse seine fishing related activities, including any vessel, other than a craft, carried on board a fishing vessel that is not equipped with operational fishing gear and that facilitates",IOTC-2025-CoC22-11_Add4-IOTC Glossary,,,,,TRUE,TRUE,TRUE,TRUE,TRUE,TRUE,
Support vessel,,"non-fishing vessel supporting fishing operations and in particular assisting purse seine fishing vessels in the location of tuna schools and in the the deployment, monitoring and retrieving of buoys and drifting fish aggregating devices. Synonym to supply vessel",IOTC glossary,,,,,TRUE,TRUE,TRUE,TRUE,TRUE,TRUE,
Support vessel (fishing support vessel),,"fishing support vessels receive the catch of fishing vessels and supply vessels that bring fuel and provisions to fishing vessels,Support vessel (fishing support vessel)",FAO terminology portal,,,,,TRUE,TRUE,TRUE,TRUE,TRUE,TRUE,
Surface fishery,,"all fisheries operated by vessels in the IOTC Record of Authorized Vessels other than longline fisheries; in particular purse seine, pole-and-line, gillnet fisheries",IOTC fishery categories,"fishery undertaken by vessels recorded in the IOTC Record of Authorised Vessels other than longline fisheries; in particular purse seine, pole-and-line, gillnet, handline",(Res. [15/02](https://www.iotc.org/cmm/resolution-1502-mandatory-statistical-reporting-requirements-iotc-contracting-parties-and)),,,TRUE,TRUE,TRUE,TRUE,TRUE,TRUE,
Systematic proportional sampling,,,,,,To define,missing reference; check code lists,TRUE,TRUE,TRUE,TRUE,TRUE,TRUE,
Target species,,"those species that are primarily sought by the fishermen in a particular fishery. The subject of directed fishing effort in a fishery. There may be primary as well as secondary target species,Target species",FAO terminology portal,,,,,TRUE,TRUE,TRUE,TRUE,TRUE,TRUE,
Tonnage,,a measure of the size or capacity of a ship,Thermes et al. 2023 (https://www.fao.org/fishery/en/publications/278529),,,,,TRUE,TRUE,TRUE,TRUE,TRUE,TRUE,
Tori line,,line with streamers,IOTC glossary,,,,,TRUE,TRUE,TRUE,TRUE,TRUE,TRUE,
Track plotter,,,,,,,,TRUE,TRUE,TRUE,TRUE,TRUE,TRUE,
Trawls,,"a trawl is a cone-shaped net (made from two, four or more panels) which is towed, by one or two boats, on the bottom or in midwater (pelagic). The cone-shaped body ends in a bag or coded. The horizontal opening of the gear while it is towed is maintained by beams",IOTC reporting guidelines glossary,,,,,TRUE,TRUE,TRUE,TRUE,TRUE,TRUE,
Trolling line,,"a line with one or more baited hooks (or lures) towed behind a boat,Trolling line",FAO terminology portal,,,,,TRUE,TRUE,TRUE,TRUE,TRUE,TRUE,
Unfit for human consumption,,"unfit for human consumption are fish that: (1) is meshed or crushed in the purse seine; or (2) is damaged due to depredation; or (3) has died and spoiled in the net where a gear failure has prevented both the normal retrieval of the net and catch, and efforts to release the fish alive.AND  does not include fish that: (1) is considered undesirable in terms of size, marketability",ROS observer manual,,,,,TRUE,TRUE,TRUE,TRUE,TRUE,TRUE,
Uninterruptable power supply (UPS) (EM),,"provides power to the system and enables controlled shutdown in the event of a power loss so as to preserve the security and integrity of data 1,Uninterruptable power supply (UPS) (EM)",EM workshop-WCPFC term only,,,,,TRUE,TRUE,TRUE,TRUE,TRUE,TRUE,
Upper-jaw fork length,,"length of a fish measured as the straight distance between the tip of the upper jaw and the fork of the tail,Upper-jaw fork length",reference,,,,,TRUE,TRUE,TRUE,TRUE,TRUE,TRUE,
User Interface (EM),,"a display that communicates EM system status messages and provides views of onboard cameras,User Interface (EM)",EM workshop-WCPFC term only,,,,,TRUE,TRUE,TRUE,TRUE,TRUE,TRUE,
Vertical lines,,"a vertical line consists of a line to which is attached sinker and one or several hooks. In commercial fisheries the lines have usually several hooks. The additional hooks can be fixed on the mainline at short intervals with branch lines of a certain length. The line weighed down by sinkers can be set up to 200 m depth and is hauled with jerky movements,Vertical lines",gear code lists,,,,,TRUE,TRUE,TRUE,TRUE,TRUE,TRUE,
Vessel monitoring plan,,"the vessel’s EM equipment characteristics and how the vessel’s EM equipment is installed and configured to monitor fishing activities and meet the EM Program and EM Data Standards as required by the IOTC Regional Electronic Monitoring,Vessel monitoring plan",EM workshop,,,,,TRUE,TRUE,TRUE,TRUE,TRUE,TRUE,
Vessel monitoring system,,"a secure satellite-based monitoring system capable of transmitting the position and identity of vessels to the competent authorities,Vessel monitoring system",IOTC-2025-CoC22-11_Add4-IOTC Glossary,,,,,TRUE,TRUE,TRUE,TRUE,TRUE,TRUE,
Vessel Operator,,"any person who is in charge of, directs or controls a vessel",EM workshop-WCFPC term only,,,,,TRUE,TRUE,TRUE,TRUE,TRUE,TRUE,
VHF radios,,"def,VHF radios",reference,,,,,TRUE,TRUE,TRUE,TRUE,TRUE,TRUE,
VMS,,a satellite-based monitoring system which at regular intervals provides data to fisheries authorities on the location,FAO terminology portal,,,,,TRUE,TRUE,TRUE,TRUE,TRUE,TRUE,
XBT,,XBT,,,,To define,,TRUE,TRUE,TRUE,TRUE,TRUE,TRUE,
